3.3272061,-0.56869626,-1.0417029,-0.5010919,-0.704938,-0.62973225,-0.38291565,-1.0090288,-0.55964774,-0.832442,-0.64662004,-0.19467792,0.26432234,-1.9976501,0.06784987,1.0825071,-1.315012,0.61090183,-1.5040894,0.851518,1.6246647,-0.96815604,-1.2402445,-1.2735387,0.5107923,2.3824224,1.6555688,0.0213058,-0.34387988,-1.9241141,0.044489715,-0.3135505,0.31514785,0.32298762,-0.6098287,0.8293086,0.56723255,-0.6013295,0.034426503,-0.55619234,0.88607997,-1.2371305,-1.7920659,-1.4162906,-1.3252497,0.31978786,0.2571164,-0.25966457,2.7317393,3.810234,3.3473036,6.0745425,4.2612195,0.18286416,-1.3248343,-1.5679952,-1.4117571,-1.6595992,-0.60396856,1.0891626,1.4676591,1.6827077,1.4715122,1.07986,1.1524216
0.68968594,0.8622669,1.2031945,1.2932212,1.4687346,1.319254,1.3985825,1.6030449,0.95494354,0.9019593,-0.3957127,-0.08584432,-0.70070916,0.57197946,0.5457891,-0.32318026,0.48948202,-0.8921425,-0.10029426,1.7237592,0.3317863,-1.0817218,0.016681477,0.13941139,-0.16106455,0.18987168,-0.13630612,0.04171644,1.0038079,1.5930941,0.74527925,0.032426346,-0.29890162,-0.91752595,-0.20059572,0.5559731,-1.0635879,-1.6592679,-0.18109094,0.011489153,-1.097101,-0.23742697,1.2677006,0.9097831,1.2037387,0.5667412,0.7894098,1.2033674,0.9263761,1.4158356,1.4649936,0.738387,-1.4427223,-0.12701982,0.1909481,-1.0659016,-0.4756253,-1.2841854,-0.40659103,0.13035527,1.3833625,0.4319897,1.881928,2.1704214,1.1094915
-0.12239134,1.8805951,2.646723,3.053385,3.256574,2.842872,2.335631,1.9500436,1.5554127,1.1512764,0.7173622,0.40197885,0.04821697,-0.79018646,0.5788805,0.8332774,1.4881122,-0.01088057,0.7449533,2.313418,0.64626706,-1.3798556,-0.81972885,-0.96948195,-0.8213291,-0.3994322,-0.80326265,-0.53510606,0.64620143,0.753771,-0.5438121,0.19523999,1.0317646,-0.484283,-1.4939783,-0.24116957,2.1415174,2.71307,1.8471528,-0.30735224,-1.0327554,0.5476466,-0.08578974,-0.108447045,0.07491919,-0.11677358,0.27529097,0.7010586,-0.414018,-0.55611783,-0.7574473,0.20560752,-0.6747222,-1.1649349,-1.4346229,-0.5284544,-1.5672519,0.55206394,0.7634737,0.22268394,0.12797424,-1.1369776,-1.0109146,-0.2665254,0.20282504
-0.22581562,-1.0296743,-0.4795487,-0.29055583,-0.5980835,-0.37746543,-0.43453845,-0.7498506,-0.08278311,-0.279267,-0.93433726,0.32103696,0.54181665,-0.36751604,-0.20333359,2.064478,1.7893702,0.13097,-0.2852049,-0.29181576,1.9102267,3.0135372,0.5466722,-0.070766546,0.8343208,0.13805822,-0.80744714,-1.7525128,-0.109350406,0.7201088,-0.22651693,-0.0496886,0.48463237,0.49309862,-0.7398965,1.2060288,1.8647356,0.3476374,-0.024459295,2.1545477,2.3022885,0.89203954,0.051933274,-0.5399,-0.5455557,0.38336384,0.48180076,0.38796106,-1.1981416,0.3712634,0.7994407,2.2932723,0.71436673,0.15529945,-1.0235646,-0.60816544,-1.5689609,-0.4707192,0.22882187,0.6567222,-0.16894946,-1.3749604,-1.1346246,0.031425484,-0.6826949
-0.14979015,1.8778514,2.487826,2.768496,2.6834452,2.0532722,1.3177444,0.9100085,1.1627544,1.4360055,0.3166777,-1.2379558,-0.7584097,-0.943341,0.04634315,1.224609,0.81465,-1.462552,0.62917703,0.08671266,-1.3604879,-0.16480365,1.1713853,1.5274463,1.0469861,0.35939062,0.30838814,1.0147965,1.484536,0.2113569,0.53034866,0.2135776,0.38478374,0.10541604,-0.42323568,-0.51620877,0.5340113,0.18731648,0.19520277,-0.54070044,0.52521664,2.3934078,1.2258903,-0.56246036,0.5675515,-0.6378458,-0.61818784,0.09651144,0.31060457,-0.61099124,-1.6937413,-0.6102665,0.26683822,0.60351276,0.56127775,-0.84172,-0.49103108,1.478338,1.2728254,-0.4513395,0.49036074,0.19062488,-0.3658806,-0.53641933,-1.2147944
-0.3504183,-0.32050794,-0.5116334,-0.7554038,-0.54777503,-0.2990664,-0.30783173,-0.7205611,-0.8262044,-0.67909074,-0.6651439,-0.38221627,0.12959763,0.96877694,0.040745426,-1.3162086,-0.93695104,-0.26776695,0.54418343,0.3331512,-0.15255143,1.1658263,0.7472862,-0.9299106,-0.3602523,0.34776425,0.08593434,-1.0848467,-0.74940306,0.48247963,-0.24340826,3.2454119,1.9422994,-1.6341833,-0.04485269,-0.12718187,-1.7693698,-0.24980989,-0.032368273,-0.94812155,-0.31948182,0.98775375,2.0675344,1.179805,-0.8919156,-1.0555338,0.38189933,0.8567751,1.0347192,0.4660166,0.45121202,0.37500674,-0.04617544,0.67726856,1.7247387,0.7167826,-0.73134005,-0.6404917,1.8607821,1.8729172,1.2671701,0.31736556,-0.86906177,-0.66420007,0.22262931
-0.043217022,1.857971,2.2956827,2.2518675,2.0257316,1.8434163,2.2601347,2.3022056,2.2245917,2.6068783,1.5346276,1.0740031,1.1632595,-0.20982474,-1.148888,-0.88914096,-1.2005945,-0.9117844,-0.6719716,-0.26288718,-0.82402796,0.52970326,0.6411144,-0.59375066,-0.62538767,-0.18027797,-1.5697651,-0.8252543,0.8826915,-0.4921375,-0.7418537,-0.7855441,-0.7838793,0.22930737,-0.9723214,-1.3653831,-0.54544276,-0.8111256,-1.5950302,-1.1289781,-1.0300592,-0.7468298,-0.7212312,-0.34358138,-0.56633824,-1.1434232,0.23843016,-0.0013178631,0.5839513,-0.8064281,-0.422425,-0.75720996,-0.11245819,-0.87260133,-0.77776974,0.014442724,-0.54453266,-0.8079846,-1.4528913,0.54389703,0.55238605,-0.68670213,-1.6481508,-0.8274026,-0.7016384
-0.14674167,0.16046852,-0.109181054,-0.62568545,-0.26935357,-0.34012398,-0.50391114,0.1230125,-0.019142915,-0.40766227,-1.0005286,-0.73870677,0.8072017,1.3234776,-0.70322216,-0.56745595,0.20763996,0.14627525,-0.3538414,1.338418,1.3512987,-0.20322084,1.352509,1.9655377,-0.071804576,0.86569715,1.5826699,0.7154207,0.10468445,0.42836833,1.720737,1.2107347,-0.060774125,0.47767493,-0.43086857,-0.9851108,-1.6366167,-1.1134417,-0.96481425,-0.8820158,0.6378928,1.4336889,0.93395126,-0.5178089,0.089193285,0.39709854,0.6694596,1.6771722,1.339239,-1.2347615,-0.17572859,-1.0833781,-0.16820152,-0.09222678,-1.1760342,0.59353405,0.23544098,0.3517258,1.1786255,1.4015139,1.4788957,0.15096855,-1.6918716,-1.5083265,-1.1628237
0.3245812,-1.0545677,-0.60871685,-0.5719279,-0.5853519,-0.17291328,-0.20107013,-0.1676809,-0.40210202,-0.21354888,0.79171824,0.44582495,0.5543452,0.052986346,0.21878324,0.9880218,2.5887516,1.4658079,-0.42455813,0.75262576,1.1462616,0.54291403,-0.37192684,-1.3552918,-1.2729341,0.518544,1.191653,0.7044826,-1.2792075,0.61020225,-0.65189755,-0.8264887,-1.7457132,-1.6505803,-0.19865331,0.19970493,0.31147948,-0.8870929,-1.0236835,-0.6467514,0.2679551,0.8966157,-0.62811565,-0.95585436,0.03314886,0.9173239,0.7497629,0.39278078,0.41493893,-0.26294577,0.115308404,0.6101079,-0.41829193,-1.1532794,0.24459264,1.7231787,0.789022,-1.0529982,-0.21813396,-0.89206713,-0.26263267,-1.2024262,-1.7222635,-0.7221211,0.62991476
3.0937514,3.2138228,1.8258367,0.44593555,-0.6805289,-0.27357292,-0.4875754,0.90683883,-0.15591012,0.35704455,0.42130995,0.46280363,0.35556832,1.1290448,-0.82293457,-0.85887367,0.44428247,1.8863512,-0.427321,2.751601,0.48507696,0.7264066,-0.1451904,2.0950677,2.879658,-0.97361356,2.5013864,-1.3424258,2.4801056,2.3766901,2.1869395,0.17915371,2.9943628,1.6585697,0.093709596,0.37052405,0.8991204,1.2315103,0.5019671,1.219719,0.27863726,2.719357,-1.2930895,2.365806,1.614959,0.90598434,1.173847,-0.20398335,-0.42851028,-0.12186338,1.2479124,0.014748267,0.39394468,-0.16963544,1.6352862,-0.29831463,-0.09360421,0.82558703,0.6701507,-1.5317204,0.3069871,-0.814556,0.31658974,-0.7821144,0.24778521
5.610826,2.254065,0.050231207,0.9379803,1.7038517,1.5460697,1.8362626,2.0957427,2.4337451,2.4592617,1.7891719,4.1998205,4.065607,1.4956875,3.4536984,2.1725152,1.0796521,1.4629085,1.211064,-1.5329349,0.8870223,1.0303036,0.7652683,0.1367563,-0.23754527,-0.14088733,1.1690607,2.0319517,-0.3680705,-0.95417964,0.53518194,1.3196512,0.728925,2.4156923,1.4837879,0.49028382,-0.30489048,0.8917073,1.9315959,1.1979259,0.8806935,-0.9479209,0.67762786,-0.7115746,-0.57461554,1.7502546,0.40784755,1.1771241,3.1282125,2.7751296,-1.9023248,1.354744,0.07746569,1.6066067,0.89015776,0.4310484,-0.2044152,-0.70061886,0.01043662,-0.42182505,-1.3945009,-1.0075543,-0.9759942,-0.8152976,-1.3157256
0.7801561,-0.40908363,-0.55891865,-0.69029,-0.6929944,-0.75986165,-0.741354,-0.7888395,-0.79904425,-0.4597027,-0.7251115,-0.48637822,-0.73644036,-0.8329213,0.4001978,0.17165303,1.0514398,1.600964,0.98059976,0.52340484,1.5137275,1.6323707,1.4605454,0.20739731,-1.234869,-0.5890592,1.5151585,1.9056643,-0.86132246,0.15136121,0.55071807,-0.5701338,-0.057148244,1.579799,-0.47002253,-0.8970203,-1.2343909,-0.42252937,-0.31021145,-1.1961577,-0.41202098,0.53878087,0.4430695,-0.24809147,-0.17373121,-0.3835933,1.2866911,-0.46959653,0.2401793,1.0258596,0.8358645,-0.07425898,-1.1459047,-0.7080198,-0.24589795,-0.3149796,-1.1240846,-0.6965543,0.6041805,-0.48333943,-0.17967944,-0.8122019,-1.0590953,-0.107881606,-0.6789796
-0.53848565,-0.9011247,-0.507407,-0.5631036,-0.62528086,-0.8192027,-0.51949036,-0.801335,-0.71450716,0.42943743,0.2510042,-0.19734538,-0.35099322,0.69012356,-0.5346903,-0.5504254,-0.47274056,1.01437,-0.8160145,-1.5046147,-0.61381406,0.71912396,3.3478,1.3070331,0.7892626,-0.2992716,0.21149251,1.1274467,1.9073966,1.7456836,-0.6620906,0.33047715,-1.0174809,0.3978449,0.079312965,-1.8506747,0.44050047,0.107243575,-0.60078764,0.6455264,0.03670166,-1.3837515,-0.4810635,-0.33546105,-0.43641856,0.0261758,0.21459515,0.24612257,-0.026036069,-1.4360752,0.14245562,-0.27475756,-1.1283717,-0.58301187,-0.5200803,-0.52853334,-0.7757004,0.14019538,1.8989264,1.4424564,-0.4612372,-1.1963128,-0.33159512,-0.72617906,-0.6447895
-1.0357748,1.3954623,1.6327138,1.5071266,1.6540991,1.4526702,0.9862858,1.7412084,2.0365381,1.2453902,1.4449722,1.2191682,-1.10374,0.13047364,0.036749385,-0.3419825,-1.1086298,-0.39833832,-1.3232998,-1.4683121,-0.4809048,-1.3885187,-0.7134614,0.8820932,1.9827795,0.98004246,-0.46671182,-0.25595567,0.1439251,-1.2920169,-0.4937994,-0.28272864,-1.4052022,-0.611507,-0.070399575,-0.7159396,-0.90827006,1.1469406,0.378014,1.649798,1.9272513,1.6406232,0.662595,0.18501556,-0.22154418,0.63936186,0.6022749,1.8673288,1.3958918,-0.74358207,1.5804621,0.27382463,-1.1959108,-1.0134367,-1.4789994,0.8754265,2.005312,0.9318259,-0.3729988,-0.48373637,-0.47037753,-1.4570355,-0.835745,-0.23275399,-0.49805358
-0.16554576,-0.3604839,-0.5192038,-0.3442853,-0.26263547,-0.45994556,-0.42668036,-0.5420613,0.1062629,0.2588629,0.5240465,0.52668583,-0.26330134,0.039857082,1.203255,0.58552164,-1.6280947,1.0109841,2.2342286,1.2393146,-0.107466094,-0.5363769,0.014778537,-1.0279049,-1.4137193,0.42138395,-0.093670376,-0.48741892,0.8451831,-0.8917399,-1.0942914,-1.709186,-0.80139387,-1.9405438,-0.61736786,-0.48640454,-0.29730028,-1.3701566,-0.18316041,0.3221216,-0.16139282,-0.5470857,1.1997144,-0.03269659,-0.5695057,0.6350976,0.05641833,0.077135734,-1.2294549,-0.8483357,-1.4718425,-0.686478,1.1274978,1.963535,0.6038417,0.87286824,1.318939,0.34675798,-0.23600228,0.036743797,-0.49217412,-0.6643529,0.9376696,0.845998,0.7022278
-0.47516757,0.016709406,-0.3144513,-0.3258733,-0.07304107,-0.35661668,-0.4219001,-0.36167377,-0.36946446,0.39559332,1.4315662,1.0790668,2.0699015,2.0556893,0.8817871,0.77041066,0.3912896,-0.1990427,0.5765476,0.80513567,0.9903762,1.2161915,-0.29821315,-1.0845959,-1.6089289,-0.288686,0.122126974,-1.6495531,1.0882118,-0.5265903,-1.197004,0.35067546,-0.3482096,0.35913736,-0.15220757,-1.6672552,-0.9677248,-1.4549878,-0.72753036,-0.3476433,0.30736974,1.6355219,1.9206766,0.2622382,0.40980795,0.3642683,-0.5703872,-0.55793715,-0.58871067,0.090750016,1.8293703,0.6704757,0.6615633,1.080278,0.31250986,-0.6227606,-0.6656417,1.3119707,1.4616121,-0.3045355,-1.727511,-0.01238454,0.8639189,-1.2069337,-0.848859
-0.47403654,-0.1824315,-0.23526555,-0.23707688,-0.45714015,-0.59802914,-0.605318,-0.20767498,-0.4199837,-0.71999717,-0.53777456,-1.1482273,0.33959174,2.093315,0.91720045,1.0195218,-0.33851567,0.576409,2.069602,0.6086123,1.4668843,-0.8307602,0.19840136,-0.9453525,0.22882439,2.7829263,2.6067142,-0.15709378,-0.6113566,0.5356369,1.5839456,0.61311805,-1.5378317,-1.3331256,-0.70928407,1.5113515,1.927412,-0.043105308,-1.4222945,-0.37715304,-1.6083293,0.20940408,-0.6181428,-0.30053276,-1.2713238,0.6144042,1.1503032,-1.7988342,0.014013226,1.0255915,1.4186256,-0.11635752,-0.44079947,0.839051,1.3248843,-0.5068117,-0.21810834,-0.18201771,0.25270906,1.2367678,0.08539021,-1.8217151,-1.2282225,1.1739646,2.1443276
0.7632582,0.30378592,0.04903089,0.3780379,0.31004292,0.28978953,0.08308908,0.36356577,0.2674785,0.9091036,0.95091265,-0.7052256,-0.56947917,0.027934346,0.26757696,-0.7306162,-0.6649282,1.1412228,0.882489,0.41771683,-0.4432029,-0.9672798,-0.4000895,-0.504704,-1.310738,-0.045072787,-0.21353003,0.4683368,-0.82337207,-0.07602289,0.5917311,-0.473802,-1.1665384,-1.3405234,-0.9690458,-0.76774585,-1.6551311,-1.1362467,-0.9392465,-1.2821474,-1.2732501,-0.9183846,-0.8491894,-1.115992,-0.8713398,-1.2182263,0.03367255,1.2270085,-0.11983476,-1.4221331,-0.6444977,0.06878487,1.5713598,1.9485269,0.7612147,1.3696553,1.2511522,0.03304083,-1.8960886,-0.26725608,0.4840563,-0.40847203,-0.22344768,0.0050757327,0.21248388
1.2744424,-0.04412626,-0.031192567,-0.56569135,-0.70243025,-0.51274216,-0.6799208,-0.59483933,-0.6688555,-0.5278464,-1.1435462,-0.8774315,0.20384802,-1.1860172,-0.43759406,-0.6777603,-1.1372277,-0.28111807,0.88606465,-0.39155567,2.6323316,1.874857,-0.32873464,0.09273282,0.27621058,-0.08913755,-0.0937725,-1.0744385,-1.1718631,-0.689211,-1.3951215,-0.6824251,-1.2034109,0.3687057,-0.6698712,-0.7182923,-1.129916,-0.92819697,0.5135879,1.5611624,-1.2902802,1.472236,-0.67985004,-0.7176274,2.4822755,0.63620555,-0.7393562,0.27062503,1.8994043,-0.17276569,-1.7109057,-0.5895405,0.6542592,-0.06632922,-0.15909693,0.052612644,1.2856426,0.97582865,-0.31832692,-0.81840324,-0.63885725,-1.110755,-1.013236,-0.44812253,0.77965534
0.33529812,0.84264183,0.6980098,0.12545481,-0.19356376,0.06362639,0.08723413,-0.68926424,0.22309543,0.6405524,0.18241651,0.9812552,-0.21764308,-0.8537619,-0.96104205,-1.530595,0.31079233,0.26714554,0.36032227,0.25852415,-0.04726123,1.2454981,1.0890511,-0.2365948,0.04494455,-0.20524217,1.0178187,2.4429662,1.8908154,1.6375912,1.6704208,1.3279864,-0.1936569,-0.3624109,-0.45679727,0.34815925,2.4809635,1.8854747,1.2194289,2.113872,2.2593653,0.34212342,-1.5304841,-0.9083099,-0.708572,-0.073578864,-0.22719292,-0.26723936,0.3324483,-0.1016,-1.0379378,-0.85180557,-1.4450986,-0.9574914,-0.54304826,-1.3263688,-0.8312737,0.13446003,0.7171322,-1.1141444,-0.26894546,0.0024669662,-1.8668617,-1.1245109,-0.6000019
0.1150958,-0.39318302,-0.740299,-0.62847793,-0.48869675,-0.70539945,-0.5458932,-0.503136,-0.6629114,-0.8758097,-0.63943845,-0.45679942,-1.0602467,-0.24992421,0.19474956,-0.91456,-0.23510437,2.2067266,0.4184193,-0.89048487,-0.92254394,-0.22807385,-0.9478554,-0.23334852,0.7526167,-1.2119668,-1.0045019,-0.27557045,0.4586979,2.7973464,2.3686974,-0.39985362,1.1326178,-0.9860832,-0.060816046,-0.33960927,-0.6705453,-0.6255305,-0.7898462,-1.6855918,-0.8649508,0.8511321,0.4845069,-0.98702145,-0.8084139,-0.333334,0.117557116,-0.8582927,-0.10910668,0.97322637,0.010727693,-1.2680763,-0.14166594,0.34649968,-0.9957148,-0.16373646,-1.1795642,-0.30764723,-1.213308,-0.26561615,-0.3276678,0.14637603,-0.9409152,0.009021666,0.5896343
-0.4415483,0.84948516,0.32512167,-0.38989568,-0.4081419,-0.7989368,-0.776205,-0.6404566,-0.6999421,-1.0958806,-0.40304804,-1.1120778,-1.346591,-0.711434,-1.123649,-0.8591358,-1.1591101,-1.4745212,-1.3920436,-0.5022931,-0.12644629,0.15480077,0.76957065,-0.14358658,0.91081154,-0.3604244,0.10540723,0.8405137,0.9014974,0.516946,-1.4218435,-1.6740446,0.00700374,0.6759706,1.6043243,0.36997294,-1.7003859,0.077273935,-0.14213555,-1.028757,0.20538196,0.13839532,0.24153808,0.7004946,1.1854821,-0.022360194,-0.39356637,-0.49269387,-0.68592983,0.124400966,0.53109753,-1.200579,-0.36592293,-1.6417042,-0.70987767,1.3350908,1.1585213,0.15498753,-0.00812172,-0.95903444,-0.99127966,-2.0080593,-0.7195266,-0.5524059,-0.54232997
0.073245354,-0.7693105,-0.64907575,-0.4747193,-0.48468128,-0.5869462,-0.46659264,-0.37797678,-0.7777487,0.21583173,0.78778994,0.21016656,0.7298722,0.2879578,-0.9164345,-1.1481843,-1.1098869,-0.8870298,0.024743889,1.9054413,-0.22181457,-1.0870041,-0.23173837,1.4925622,-0.017411616,-0.26086134,1.1242149,0.8685293,-0.73557854,-0.8303568,0.8554107,0.3196323,-1.3800718,-0.15365599,-0.91671973,-1.126632,0.1994582,0.06544569,-0.41521004,-0.74342704,-0.27611285,0.6884542,-0.26502132,1.5585595,1.830294,0.9756899,-1.2894655,-0.5455989,-0.73747706,0.32752448,0.9350683,0.077599324,-1.5625473,-1.0877646,-0.8469098,2.2043898,1.6552395,0.30592147,0.8769817,-0.8433239,-0.005649902,0.7834595,-0.2791273,-0.4988271,-0.7499064
0.16518565,1.2137473,1.6316565,2.0170996,2.3602996,2.4449816,2.4199858,2.0313199,1.5571762,1.3945862,0.5785504,-0.4685835,-0.12178564,0.013093607,1.0037858,0.094674855,-0.7257839,0.75677246,-0.27720928,-0.42810705,-0.73803294,-0.5353643,0.9817748,0.30709463,-1.1256083,-0.10733453,-1.1654503,-1.0938035,-1.8655752,-0.74621814,0.8488228,-1.3540052,0.33036256,0.50049084,-0.62779564,-1.2402341,-1.2608622,-1.3310903,-1.6411382,-1.2901467,-0.8893728,-1.8328657,-0.06526996,-0.37455347,-1.1453935,-0.70532304,-0.30519995,-0.026900217,-0.40249762,0.23300585,1.0691215,-0.6023288,-0.7932891,-1.1217781,-1.1986619,0.18367267,-0.8766835,-0.25847772,-0.56590515,-1.2060242,0.23706946,0.31879476,1.5296059,1.9960928,-0.2167518
-0.74965686,-0.3990196,-0.68267244,-0.63582575,-0.6977125,-0.7455526,-0.79070634,-0.7079588,-0.8422786,-0.58720726,-0.08726623,-0.08971088,-0.35098162,0.32667562,0.77238375,1.3445898,-0.8588873,0.8920625,1.69398,0.712433,-0.4048974,-0.101566166,-0.56404024,-0.69136524,-0.33578637,-0.9572957,0.43308052,-0.29819494,0.8133946,1.0870808,0.79130226,0.16108055,-0.17230636,-0.97905576,-0.7030995,0.20741701,1.2284726,1.7509305,0.04839785,0.74339235,1.5814074,0.95747614,1.1262056,2.2049727,2.1290796,0.27951133,-1.3110192,-0.80633825,-0.5432324,0.828167,0.9619829,-0.40286097,-0.7478101,-1.1687199,-0.8705089,0.70889235,1.627531,-0.120230734,-0.41535723,-0.51206475,-0.059146687,0.28842083,-1.0939834,-1.3824277,-1.012124
-1.0393819,0.75964934,1.1120348,0.8719904,1.0834279,1.2724401,0.955807,1.0559386,0.4125315,0.41350612,1.0299037,1.0887078,-0.099638104,0.015901232,-1.1177922,-1.0064785,-1.455691,-1.012426,-0.3799223,0.016596448,-0.2552389,0.6207821,0.281728,-0.6579046,-1.0098565,-1.6244378,-0.17161049,1.2917824,-0.6605933,-1.048494,-0.99319136,0.32756177,0.5981793,-0.9382024,-0.92949,-0.71473736,-0.79872,-0.2646439,0.16769361,-0.05052607,0.5990416,-0.42306414,0.27448213,1.5719128,0.07715265,-0.10341683,-0.4168623,-0.9980824,-0.8238826,0.46093035,1.7045338,0.55688596,-0.5105219,1.6570573,1.306121,-1.03837,-0.8638325,-0.3962938,-0.6757061,0.61493665,0.016366173,-1.7022799,0.08542491,1.2494773,1.8879783
-0.8978306,-0.44606078,-0.7860653,-0.61367697,-0.5196636,-0.71817714,-0.8404518,-0.85547113,-0.80848294,-1.0065873,-0.9976872,-0.310469,0.86361945,0.4866348,-0.04946323,1.3948675,-1.6288351,2.5198667,3.320453,0.84356016,-0.93041974,1.065446,1.1483034,-0.69033146,-0.15495513,1.0496131,-1.0816628,0.111987196,0.7620538,-0.47673625,0.88968897,-0.013223421,-1.0411702,-0.40564147,-0.5609655,-1.5383004,-0.59792346,0.9965803,1.306483,-1.676162,1.9587198,2.3274972,-0.17847764,-0.5656673,-0.28195843,0.29939172,1.3775253,-0.39845574,-1.6899338,-0.7530265,0.9610183,1.6624557,0.11795827,-0.089677095,1.1792864,-0.14501804,0.14092773,1.0861222,0.873493,-0.38131434,-0.95704526,-1.1530062,-0.8991154,-0.86648697,-0.430706
0.048649635,0.8489335,0.49677736,0.53460383,0.91647065,0.14199145,0.5934083,0.8105245,0.64016026,0.80416745,0.6384434,0.84707576,0.56255853,0.5218382,0.682011,1.1293019,0.14571214,0.10622962,1.2496529,0.23146486,-0.127915,-1.3703693,-0.4685076,-1.1904091,1.1810441,1.2095225,-1.0704101,-0.7059781,0.93037105,1.4146366,0.16357797,-1.1398522,-1.0678355,-1.8874472,-0.71082455,0.47873232,0.46725607,0.40513298,1.8398347,0.084233955,-0.54387903,0.79992545,-0.27353546,-1.0688801,1.0759922,0.8194675,-1.9993396,-0.6524773,-0.3151998,0.99821603,1.1642411,1.5328832,-0.14326026,-0.4512758,-0.4874177,-0.4381112,-1.1677427,-1.4088429,-1.650423,-0.3630397,-0.6466617,1.2128628,-0.009581235,0.7932937,1.462131
-0.45924017,-0.6636945,-0.49425113,-0.56264067,-0.41607234,-0.3391511,-0.5006932,-0.18911971,0.2607871,0.67748994,0.48149416,-0.015691232,-1.1961063,-1.1571312,-0.78854775,0.36148754,-0.9238772,-0.76092607,0.5681153,0.69687,-0.43029708,0.8794459,-1.4406155,-0.6358173,-1.7196726,-0.542494,0.6804742,2.9313257,2.592372,-1.4115328,-0.7133605,0.1837281,1.3888808,0.28194168,0.586987,0.59682053,-0.8003384,-0.55508715,1.222383,0.4848866,-1.5596144,-0.18537402,0.07560948,0.18884963,-0.28750193,-0.2756352,-1.3158681,-0.3634715,0.9622334,-0.3424518,0.5198199,0.9306413,0.14146505,-1.2473083,-0.5067059,0.108311445,-0.12447828,-1.253288,-1.2360494,-0.27025533,0.23234919,0.83648336,0.22281677,-0.24695827,0.45931497
-0.13207896,-0.64395654,-0.6727649,-0.6451383,-0.5926658,-0.5040351,-0.40952653,-0.5966298,-0.4005123,-0.37513518,-1.1938038,-0.99233776,-1.2818979,-0.30166617,-0.20829916,-1.0239732,-0.2722586,0.40199915,-0.3770944,-0.98376024,-0.5694702,-0.7373072,-1.0114775,-0.43773964,-1.4152594,-0.6936614,-1.1463048,-0.7289766,0.5779999,0.5144446,-0.72266287,-0.9468081,-1.0362357,0.95117754,0.5736745,0.8427622,-0.1319685,-1.5252602,-0.53439575,0.6777064,0.014895239,0.80524004,2.109568,0.75665116,-1.1693188,-0.6111494,-1.0895914,-0.4244293,-1.479259,-0.28746653,-0.50665015,0.4532222,1.1765304,1.5570238,1.6192567,-0.0010098319,-0.9268601,0.118304126,-0.41438952,-1.0412878,0.86092293,2.1883285,1.6361133,0.0041051116,-0.74914134
0.17993578,0.42895088,0.8591208,1.2071806,1.5760453,1.9008138,1.9829998,1.7406873,1.4224309,2.255707,2.6765358,1.900472,2.4950633,0.8885236,1.4164807,1.0588186,-0.53189486,-0.76555705,-0.32203937,-0.65330476,-0.37899077,-0.05835066,-0.8513815,0.46547344,0.7634622,1.0502297,-0.80653536,0.44149423,0.14595209,0.4758007,0.67689764,-1.9312254,-0.07149923,0.32905185,-0.6725693,-0.490472,-1.0167553,-0.28583133,-0.66700083,-0.1495247,-1.2154084,-0.18676943,-0.5822131,-0.92040753,-1.4730893,-1.2412463,-1.2282217,-0.9299424,0.4748266,-0.6114669,1.3407729,-0.52826136,1.046198,-0.94097364,-0.6648754,-1.5083957,1.7599245,0.9147672,-0.6444884,-1.2932508,0.47406575,0.14799125,-1.4975642,-0.0014254964,0.9391043
0.004820949,1.1866277,1.7135631,2.0521958,1.9406672,1.8750168,2.5827882,2.755415,2.3953123,2.5427096,3.3918152,3.3659396,1.49346,0.35749608,2.465357,0.16785488,0.26691353,0.76315165,1.1734035,-0.47505248,-0.47670853,1.030138,1.4758105,-1.2262037,0.49159494,1.3745829,1.1299795,-0.3387821,-0.7661294,-0.6049554,-1.3786966,0.6208304,0.78186387,0.07045074,-0.7532705,0.47335306,0.07505015,-1.6171108,-0.35040495,0.129881,-0.47947687,-0.8318114,-1.1742344,0.318354,-0.35242942,1.0622634,0.7606739,-0.17710838,-0.89093006,0.6128728,1.0277151,-0.9736475,-1.08675,-0.99313426,-0.6258891,-0.108396694,2.1530645,2.582447,-0.0060335086,-0.8550483,1.214232,1.676173,1.5784864,2.3185625,-0.86850876
0.43054694,-0.88154715,-0.7094332,-0.67616785,-0.693367,-0.6268441,-0.84590787,-0.85185486,-0.76344466,-1.1787593,-1.2831209,-0.28067723,-0.3358982,-0.20527719,-0.10888639,-0.36732075,-0.45307365,-1.3564728,-1.172648,0.06982043,-0.81777334,0.28089404,-0.27134797,-0.52217954,-0.429466,-1.6580813,0.11691622,-1.3399353,-1.0988926,0.18614408,-0.49634254,1.0487112,0.13831326,1.8910092,0.59595966,-0.78572625,-0.6662431,-0.26147625,-0.5554793,-0.7042955,-1.1896882,-0.12911582,0.0825217,-0.22477137,-0.7159967,1.108555,-0.7472835,0.41542286,0.85306776,0.5594233,0.38159803,-1.1970465,0.47441897,1.1326455,0.456382,-0.70728356,-0.77299464,0.54087484,0.3503075,-0.9443495,0.57672167,1.7868968,0.38857797,1.5029688,0.16015536
0.9907963,-0.05095132,-0.46211275,-0.77092314,-0.61601585,-0.6463493,-0.5161424,-0.6145069,-0.9410784,-0.7130767,1.0349053,0.35090712,-1.1507822,-0.30562738,-0.5860878,-1.721333,0.1275111,1.379529,-0.3568346,-1.3650035,-0.43439043,-0.33586422,0.3530411,1.2178681,0.06341913,-1.3468004,-1.3600675,-0.82945937,-0.12409413,-1.3669082,-0.45532462,-1.0720601,-0.3089013,1.0450467,0.86884254,0.1932248,0.86455727,-0.30053765,-0.48894686,1.4762706,-0.05455659,-1.0340519,0.48513493,0.497602,0.78906304,-0.7404683,0.7415073,1.5463996,2.147326,1.9056677,1.2268218,-0.7867462,0.027079668,1.9892131,2.2237709,-0.53014123,-0.41047513,-0.9364282,-0.3429709,-0.8403496,-1.0921911,-1.049179,0.90796006,0.56686926,-0.8240097
1.2096623,-0.04394026,-0.123652875,-0.4336511,-0.56504023,-0.47855952,-0.2142966,0.24762999,0.11962281,0.32499075,-0.056531202,-0.2973421,0.9133974,0.8402785,1.1377833,2.250197,2.4948187,0.2806362,-1.0390016,0.48533916,0.9436579,0.5282614,1.6689,1.3572441,0.89492375,0.8334445,-0.036959406,0.0706675,-1.0153295,0.3223858,3.0281372,2.7913737,1.4850157,-0.20269112,-1.3802282,-1.6373663,-0.7228855,-0.53235775,-0.27788195,0.87165624,0.9129658,-0.7359724,-0.3435166,0.47402495,-0.7146036,-0.87494934,1.6022817,1.8542544,-0.30618164,-0.57394445,1.0338113,1.5095336,-0.40458563,-1.4180975,-0.630087,0.2688264,1.6078286,1.7163733,-1.3296483,-0.8579634,-0.23838133,0.5440789,1.2674803,2.762333,3.9879684
-0.40394834,-0.43677342,-0.5284821,-0.6870164,-0.7714759,-0.6333855,-0.72255325,-0.2831595,-0.9384339,-0.8406774,-1.0060813,-0.8972061,-0.26500747,1.1638232,0.8668403,1.3610513,0.29333216,-0.7128738,-1.2206062,1.3382329,3.4202101,0.16349976,0.4369373,2.5346918,1.448233,0.13443096,0.7663732,1.9385477,0.6442313,-0.38558167,-1.1578535,-1.2732275,-0.55507606,-0.09977669,-0.2826238,-0.014313208,-0.22988579,-0.35103485,-1.6073742,0.26007608,0.03868186,-0.6413867,0.3858761,2.627598,1.8658532,-0.40728098,1.3649303,1.0715215,0.68758005,-0.47259933,-0.30700245,-0.3558323,-0.54920816,-1.0503345,-1.5184525,0.35679078,-0.87134975,0.41313118,0.79282016,-0.5178452,-1.0553308,-0.42497718,1.7069603,1.5546913,1.2439098
-0.89149815,-0.299318,-0.45194912,-0.49565682,-0.63983476,-0.32268125,0.017622653,-0.24491243,-0.2932613,0.17493725,0.14015518,-0.29652026,0.8042091,1.755835,1.2732861,0.33864322,0.012583639,0.61158895,0.87038034,-1.1265186,-0.54815894,0.15594888,-0.19345969,-0.6646845,0.4326459,0.75256866,1.1347195,0.124540254,-1.3191524,-1.4224982,0.30419874,1.1608107,1.6666223,1.1943893,0.8936445,-0.78900397,-0.4909433,-0.63562655,-0.007361815,-0.61774087,-1.0344639,0.083511166,0.21293347,0.3309382,-0.06642201,-0.06719836,-0.86233413,-0.918266,0.61960924,-1.0830622,1.1743407,0.6500361,-0.8353588,-0.9616647,-1.63295,0.40537965,0.18976517,-1.0748391,-1.4318763,-0.66070926,1.2554007,1.7582763,0.69317925,0.11231125,1.6052766
0.31996998,0.21609649,-0.21932082,-0.6472195,-0.7738781,-0.5261023,-0.7268825,-0.8640625,0.32375124,0.95821613,-1.335614,-0.48378938,0.5661088,0.6840527,0.97050214,-0.014601105,0.710417,0.39885595,0.6452681,0.4726364,0.701526,-0.6377969,-1.8964283,-0.33192268,0.4539085,-0.45245945,0.7554213,-0.73977065,0.14086689,0.038499244,-1.2453175,1.0970224,0.23166648,-0.9769087,1.8154866,1.4488599,-1.0579969,-0.8594817,1.2924752,0.381997,-1.7334343,-0.104816675,1.2401929,-1.0016296,1.9440035,1.3562198,-0.53514564,0.40130112,1.1818991,1.6848004,0.8007266,0.1238424,0.1542516,0.13505614,0.71567816,-0.4596771,-0.696417,0.7439263,1.4182062,1.1504349,0.86714274,-0.44869795,-0.2636001,-0.24768595,-0.44223282
-0.032239124,-1.1866419,-0.70808995,-0.25997102,-0.21635962,-0.34502423,-0.30953002,-0.6205201,-0.9121376,-0.5109133,0.11984283,0.024576623,0.19129035,0.9864431,0.37921765,-0.31652346,-0.19364011,-0.52203983,-1.0454713,-1.631916,-1.5719239,-1.1886312,-0.15478656,-0.24133849,0.256074,0.7600071,0.60312533,-0.5938979,-0.33729866,-1.382359,-0.19972095,-0.7646277,-0.2517376,-0.9013773,-1.1708566,-1.0129395,-0.35078552,-0.56121135,-0.47456583,-0.5677149,-0.25521362,-1.3206458,0.06621362,0.33279347,0.034007158,-1.0265914,-1.1763021,1.8196459,1.5329674,-1.6857934,0.27024844,1.1854815,-0.63788986,-0.3051136,-0.70578676,-1.0581393,-0.5186495,-0.039298967,-0.33959305,-0.5357973,-0.37960362,-0.7627876,-0.85922974,0.9140701,1.6743648
1.4414442,0.3304865,-0.08202292,-0.26055852,-0.13478793,-0.25684652,-0.44923064,0.032714434,-0.21665166,-0.9166891,0.0822693,-1.1783656,0.90832657,0.24146162,-0.66475606,-0.85812503,-0.8291866,-1.2474968,-0.49253148,-0.5840903,1.3848114,-0.1860486,-1.1207876,-0.92387044,-0.52552253,0.62153655,0.7207406,0.66855913,0.2878488,-0.9040837,-0.18027006,0.8501898,1.1074109,0.49504414,0.3000457,1.6273235,-0.8779628,0.94938743,-0.2602471,-0.17965308,0.18608816,-0.19245717,0.12706257,-0.59033877,1.6687473,2.0583034,1.5062151,-0.38929072,-1.4916927,-1.0751247,0.8937422,0.8160037,-0.444377,-0.25429237,-0.6583248,-0.4482866,-0.26917735,-0.85250765,-1.4650165,-0.58514374,0.05508497,-0.46604937,-1.3635225,-0.698369,-0.13978815
1.3220441,-0.06897307,-0.40153334,-0.49898708,-0.6303762,-0.63247883,-0.45924792,-0.72675526,-0.5949893,-0.7577585,-0.6483054,-0.6082114,-0.47523695,-1.3227099,1.2818183,0.93608,-0.121783026,-1.2536006,-0.7778084,-1.0817915,-0.21862067,-0.81071377,1.1932534,1.4912955,0.5087981,0.06758703,0.20348804,-1.008396,-0.44487447,0.30517256,1.0450335,-1.2319013,-0.8464601,-0.42957154,-1.1869397,0.49963757,0.34287608,-0.20438087,-0.40007448,0.4083824,1.7506062,0.22029866,1.0116463,0.4320918,0.133903,-0.379276,0.27380362,1.2311431,0.6555888,-1.0636238,-0.8187912,-1.1795572,0.37902382,0.22114553,0.5070776,-0.26784065,-0.8659192,-0.91530776,1.1238607,3.8518355,3.5509105,-0.08969122,-0.5243854,-1.1686013,-1.2704033
-0.99387556,-0.86563593,-0.5766465,-0.42749292,-0.4748548,-0.66790545,-0.5135032,-0.5470612,-0.6525871,-0.12762111,-1.1325731,-0.96592,-0.09444362,1.1190718,-0.638929,-0.37456548,-0.09144302,-1.8160248,0.2623622,-0.46133792,-0.6115241,0.55598503,-0.9204403,1.8092406,1.4627416,-0.7400328,0.88415784,1.5930108,1.5361618,0.8916707,0.14777973,-0.99673975,-1.3086681,-0.4612791,1.1920302,0.25020564,-0.8706817,-0.46384382,1.4105548,0.6046544,0.38531265,0.07437315,0.661059,0.33438575,-0.83992535,-0.5036104,0.07323445,2.1101062,-0.5919617,-0.2550193,0.17264584,-0.3351987,0.105653085,1.1055791,0.030688284,0.5656866,0.3049529,0.10845155,-0.21504305,0.110138014,-0.5140875,-0.6581981,-1.8232007,-0.7403684,-0.7011366
-0.68037033,0.07267498,0.57178175,1.0015756,1.3121946,1.1085718,1.1829582,1.7534165,1.6306572,1.2128059,1.3802117,1.4627525,0.85289615,-0.6009402,-0.22642079,0.32585615,-0.6548542,1.0375054,-1.0342522,-0.87581044,-0.61236334,1.3739414,0.13147096,-0.6124225,0.5971628,0.49157685,-1.1826895,-0.85591656,1.1975703,1.4118738,-0.7477779,-1.2958071,-0.7556568,-0.8535872,-1.4268507,-1.5724918,-1.0821632,-0.67573816,0.31944773,-0.2580328,-0.121150695,-1.376776,-1.3511596,0.85807705,1.3628583,-1.4301517,1.5424768,0.93059474,-0.5555031,-0.47452357,0.6533202,-0.109749965,-0.2729554,-0.2706533,-0.7045312,-0.37743214,-0.543929,-0.72610897,-0.77138466,-0.39052325,1.268754,1.4817278,-0.068248145,0.9336164,-0.5064806
-0.5115298,-0.96026367,-0.7623506,-0.6094645,-0.561306,-0.4803469,-0.38911784,-0.08918983,-0.23921637,-1.0582013,-1.2389402,0.19288205,1.4952364,1.3815131,1.6679596,0.7517418,-1.0099194,0.02508256,0.9372901,0.5451427,0.945987,0.80438226,-0.25372973,0.019911062,-1.3290207,-0.64753973,-0.36563995,0.9224533,0.7127054,-0.39191973,-0.8553954,0.37402233,1.0772754,-1.1750474,0.91209674,0.40601188,-0.021437494,2.6892958,4.319368,2.9683573,-0.1044359,0.27142403,0.95453787,-0.41952074,-0.21492054,1.9593303,1.8922986,0.44278142,0.07867139,0.12650505,-0.61161923,0.2937135,-0.71167,-0.81453013,-1.2653786,-0.49824876,-0.6830056,0.26556787,-0.70967877,1.9555938,1.1191314,0.4951162,-0.28548807,-1.7191725,-1.3226968
0.1510479,0.21274495,-0.18300083,-0.6396043,-0.43075353,-0.40388665,-0.40039355,-0.49773368,0.07881788,0.7183288,0.30927268,-0.2860204,0.3663028,0.7711354,1.3866513,0.10741527,-0.29566893,-1.1413553,-1.4607503,-1.1717446,-0.2837244,-0.1017185,-0.11404967,0.29316148,-1.3562745,-1.1256325,-0.97776437,-1.3355321,-0.037627265,1.1003377,1.1411206,-0.6646264,-1.0135502,-0.40718377,-0.118994184,0.35671896,-0.38585532,-0.45491818,1.6110106,1.0880911,0.5105738,-0.1956051,-1.2212914,0.98891443,1.2715724,0.39554423,0.5920781,2.5444832,0.044766404,-0.20151043,-0.1569802,-0.6074448,2.3924558,0.48598525,-0.7111822,-0.8899472,-0.37722263,0.089220546,0.5406061,0.0228417,1.0914468,1.5354296,1.326604,-0.11491953,-0.17141163
-0.48441538,1.0282141,-0.01762228,-0.7569418,-0.5740899,-0.62113947,-0.66069126,-0.6689749,-0.5297634,-0.683069,-1.17518,-1.4491024,-0.56374305,-0.27130613,-0.59951794,-0.1371735,-1.0715964,-0.6879799,-1.4522238,-1.8051988,-1.1553448,-0.030935496,1.2151362,1.411709,0.20165157,-1.6414315,-1.6042264,-0.9808534,-0.68442124,-0.853333,-0.84962773,-0.47813267,-0.02234745,0.42308053,1.1206037,2.2395403,1.3362461,-0.3604869,-0.66807973,-0.6824774,0.2559897,0.03298501,-1.5628625,-1.3684607,-0.8932461,-1.3040216,-0.96541834,-0.80529934,0.12223402,-0.61313134,-0.71744883,-0.44445154,-0.9525284,-0.8037929,0.00013472425,0.93447596,-0.46642336,0.9854337,2.0117097,0.74055815,0.31200808,1.3285685,-0.49055976,-0.28469527,0.41694328
-0.21920905,-0.9874312,-0.86235017,-0.7028008,-0.55075955,-0.68635815,-0.5144641,-0.81506276,-0.90433794,-1.1637318,0.1507167,-0.7755284,-0.8544396,0.06821605,-0.8101103,0.3984678,-0.647668,0.36049563,0.3622954,-0.24621543,0.5091516,0.40455824,-1.7800132,0.32257947,-0.02014441,-0.68914545,0.45095864,-0.14968382,-0.6028667,-0.4386537,1.1618894,0.18685678,-0.015397787,-0.25738448,-0.23225938,-0.5225835,1.1571182,-0.40804633,-0.288894,-1.115936,-0.94024307,-0.6942343,-1.1550438,-0.6369493,0.55817306,0.87651056,1.129394,0.46054524,-1.3859292,0.8925584,0.85088086,-0.698473,-0.14545904,0.74170196,0.4331521,-0.08970622,-0.6270482,-0.26299384,-0.89345044,-0.7475012,-0.21551318,0.76883763,0.37050763,0.712034,0.35192615
-0.5881512,-0.9370756,-0.8903203,-0.7438947,-0.651585,-0.82659894,-0.7885556,-0.66629744,-0.5235905,-1.1199483,-0.8685202,-1.297127,-0.794554,-0.566389,-0.571777,-0.8311679,-0.030714354,0.7536724,-1.2713375,-0.95393586,0.64127904,2.2307785,1.1363695,-1.0396458,-1.6540554,-1.5942782,-1.3960919,-0.77665704,0.60518444,0.38727486,0.6686897,1.172708,-0.690019,-0.71663237,-0.84523225,-1.63391,0.43159577,1.2710007,0.1764679,-0.84876543,1.1093875,0.6880361,-0.71611285,-1.6175463,-1.4668385,-0.5780251,0.3987183,-1.0408092,-0.7379538,1.088221,1.8439234,0.63790286,1.0006804,2.1871147,3.239251,1.1315948,-0.7164578,-1.651338,-0.35026613,-0.037528068,-1.2738607,-0.051657673,-0.32533884,-1.2983502,0.087106876
-0.85074914,-1.1249619,-0.9205966,-0.67539966,-0.6400483,-0.5631746,-0.8956359,-0.73872447,-1.0179578,-0.7112197,-0.49996516,-1.00228,-1.2348571,-1.1724161,-1.0207518,-0.49088237,0.08724462,0.2134184,-0.5435367,-1.0856869,-1.7661183,-0.25456128,-0.646868,-1.2247828,-0.45076248,-0.27942502,0.15729444,0.20636669,-1.190658,-0.42127287,-0.65743583,0.62993187,-0.32114923,-0.29940736,-0.0076352907,-0.4028773,-0.41232482,0.032298245,-0.25381145,-1.444871,-1.3397636,-1.0323566,0.003432129,0.27931383,0.01288793,-0.40536845,-1.7003497,-1.0912273,0.69912905,1.2163748,1.4679635,0.7454273,-0.9095275,-1.1397729,-0.41347155,1.0053911,1.9018788,1.0163275,-1.028424,-0.96015203,-1.5603198,1.0720814,0.40950978,-1.1586276,-0.16451202
0.016167166,0.05210746,0.018678574,0.10192218,0.10459045,0.03276556,0.036463942,0.017541405,0.57335967,0.43367842,-0.47403374,-1.0760424,-0.3603875,0.078937486,0.19848305,-0.2536588,0.803107,-0.64411324,0.7023892,0.05787971,-0.69535375,-1.2486383,-0.3504145,-0.49213386,-0.74323094,-1.0426008,-0.41767707,0.33082893,-1.2830809,-1.0836155,-0.3772116,1.1810161,0.47220477,-1.3389374,-0.2298437,0.10467447,-0.47142798,0.07888728,0.715302,-0.88658804,-1.6025044,-1.7631024,-1.233776,-0.98072207,-0.64013195,-1.4523019,-1.4813486,-0.345426,-1.1726624,-0.34499472,-0.4547059,-0.955685,-0.94583523,-1.0714867,1.1746945,0.09162031,-0.42246374,-1.1663883,-1.2016128,0.48640263,2.003441,0.9079533,0.6913587,0.81163055,-0.67678416
-0.41925398,-0.61781025,-0.5565465,-0.5031747,-0.4741624,-0.5741153,-0.6173482,-0.3115619,-0.5031325,-0.27607143,-0.30491444,-0.35828847,-0.17024967,0.19806996,-0.71411484,0.837826,0.7742796,0.5749595,0.933816,-0.9169719,0.2623465,-0.3400198,-0.7433061,-0.048359144,-0.61436296,2.3949454,0.37315556,-0.3774323,0.7396899,-0.5902642,0.3032768,-0.9774049,-0.2882317,-0.53172004,-1.5821922,-0.97279584,-0.9079438,-0.43327403,0.021262152,0.33296844,0.4010296,-0.21241575,-1.1886393,-0.28186873,-0.9583477,-1.0637298,-1.0827065,-0.24638861,-0.4680604,-0.3398659,0.52336043,1.4120905,-0.14483833,0.31900048,-1.343022,-0.36378735,-1.4707696,-1.3271232,-1.3850436,-0.742413,-0.20047323,1.1170311,-0.23056868,0.5056026,1.3898485
-1.0333297,-1.1280786,-0.8553154,-0.66023594,-0.7539609,-0.65862536,-0.65242773,-0.85584325,-0.80158395,-1.1399698,-0.52837175,-0.2833337,-1.3477162,-1.8545048,-1.5350566,-0.4896793,0.44757196,-0.74023795,-0.41595864,-1.1085058,-1.634792,-1.2798976,-0.65538627,-1.5628549,-0.5779141,0.54376215,-0.86718047,-0.5502048,-0.51121193,-0.7852992,-0.68046725,0.37322986,-0.7204767,0.793041,-0.33564284,0.50392395,1.5721189,1.2372543,-0.3026298,0.25234318,1.4377099,0.18173984,-0.82947695,-0.25399765,-0.26882392,-0.9336855,-1.745263,-1.0878699,-0.49692872,-0.79547864,-0.07809975,-1.1657971,-0.15176333,-1.3606585,-0.7000735,-1.234113,-1.1471184,-0.5528603,0.15843242,0.27824256,-1.2621294,0.3518363,0.09663978,-0.024051383,1.277695
0.04019757,-0.80736667,-0.8501254,-0.7556608,-0.78442895,-0.70879805,-0.65372014,-0.74756503,-0.74333686,-0.5690474,0.6709463,0.46169758,-0.68334556,-1.6154144,-1.3722911,-1.7661407,-1.1627907,-1.1333328,-1.3172632,-0.03794811,0.8129199,0.12464854,-0.9568047,-0.58185494,-0.6288461,-1.2316461,-1.2195164,-0.49934623,-1.8007492,-0.48667598,0.81774163,1.2595496,0.39000946,0.54760087,0.46055442,-0.51535344,1.4582467,1.8466878,0.89625716,0.20438233,0.010222318,1.3712102,0.53733724,0.23738508,-1.1433027,0.4922821,0.2375818,-0.5329239,-0.9339473,0.06478558,0.20852436,0.66552395,-0.121078864,-0.9352737,0.4382499,-0.51737624,0.04003237,-0.7126147,1.3582909,1.5528313,0.78032196,-0.015096198,0.3646404,-0.32082465,-0.2218336
-0.2371301,-0.18989207,-0.04573433,-0.3762497,-0.27401176,-0.31361035,-0.47717607,-0.6257154,-0.7612696,0.7052592,-0.3258107,0.92090917,1.2860006,-0.7026379,-1.5948457,-0.745478,-0.4000007,0.4348328,0.28592643,-0.8637894,-1.4596794,-0.7812099,-0.73644304,-1.5074576,-0.23364326,-0.02759562,0.3452268,-1.3074037,-0.9287337,-0.62287265,-0.21633324,-0.13632663,0.3942325,0.020187031,-0.1358189,-1.472648,-0.36207113,-0.36531067,0.12802252,0.96887195,0.029474964,-0.53984994,-0.5578667,0.84853446,1.9765728,2.3733582,0.71916395,0.45483822,-0.20938246,-0.16483516,-0.0008859697,-0.14883618,-1.4382318,-1.1367484,1.212494,2.5425801,1.5149873,-0.31157124,-0.48731595,0.3718744,0.84315103,-0.14592236,0.23476064,1.6705594,0.21170661
-1.0390953,-1.1697162,-1.0352429,-0.6466197,-0.55915844,-0.6250976,-0.7613288,-0.8260786,-1.0926182,-0.878323,-1.121809,-1.2499841,-0.52898264,-0.5577828,-0.45140898,-0.5441631,-0.19301996,0.5609518,1.2384231,1.1523889,-0.95663154,-0.7631955,-0.7271887,2.029152,0.95323175,-0.3891577,1.7117968,1.1767812,-0.99728554,-0.22723629,-1.5356593,-0.7999579,-0.33139056,-0.5545897,1.0594496,-0.9481828,0.90465903,-0.46590692,0.8312367,1.61781,1.2003334,-1.3344201,-0.46600422,-1.2199302,-0.1932079,-1.5179715,-0.052363724,0.029907761,-1.5224422,0.2140394,0.878068,-0.29273778,-0.32447237,-1.1788809,-0.07593814,0.6343599,-0.926983,0.6907985,0.17435381,-0.7611063,-0.9834189,-0.9784276,0.34921327,-0.08101058,-0.87461275
-0.05559033,-0.31964356,-0.55457485,-0.6560988,-0.65872616,-0.5875348,-0.6324175,-0.72715235,-0.68360573,-0.43533856,-0.46092317,-0.95648676,-1.2173533,-0.8594302,-0.2501146,-0.07500881,-0.04445445,-1.5469824,-0.6873186,-0.8449714,-0.90630996,-1.4759024,-0.8494187,1.1642935,1.5561602,0.10398516,-1.3897513,-0.061885037,0.8824448,1.8079346,-0.100000285,-0.053914815,0.8998951,-1.018515,-0.18718424,0.0062883487,-0.7250252,-0.98266196,-0.68375844,0.15323266,-0.7861581,-0.8824356,-1.2046819,-0.47134018,-1.3103095,-0.7842611,-1.0248451,-1.952053,-0.08745915,1.3753113,0.24815552,-0.49196556,-0.63712054,-0.15220247,-1.4421022,0.25990152,0.13290948,1.4573284,-0.23523192,-0.008861588,-0.9757739,1.5191053,3.0219107,2.3487391,0.8671583
0.5772364,0.73031265,0.6087056,0.28475824,-0.090109855,0.045690898,-0.012528219,-0.47256926,-0.048989654,-0.08107389,-0.31599823,-1.2026796,-0.41337672,0.55388564,-0.5030521,-1.5848427,-1.3953627,-1.5248739,-0.9655507,-1.4770297,-1.4408947,-1.5399151,-0.6547762,0.54153776,0.15887922,-1.1377221,0.1327483,-0.7733277,-0.07418012,0.28972435,-1.1412915,-0.06482705,0.66058904,0.3007199,0.25978947,0.64262897,-0.5872093,-1.6427244,-0.8925287,-0.83862454,-1.1996403,-0.97925603,0.024051843,0.24769124,-0.5386222,-1.1807786,-0.08535063,-1.343079,-0.088010855,-1.6963904,0.4639853,-0.81707007,-0.10692031,0.3164918,0.48567504,-0.8501565,1.4640136,2.9647706,0.30253896,-0.2837897,1.2143393,0.33143747,-0.053217795,-1.2899383,-0.7233295
-0.91712886,-0.75700706,-0.50183994,-0.2534492,-0.23970912,-0.4612867,0.06499579,0.4591748,0.35246545,0.20906582,-0.012291842,1.0527073,2.4065921,2.3518782,2.051406,2.2153766,1.399295,1.6973466,1.4957596,0.4096136,1.8991189,1.2221133,0.0378804,0.2916267,1.0677085,0.6084096,-0.41028917,-0.559657,-0.7985712,-0.89817584,-1.2488501,2.490008,2.2450187,0.6761465,1.226823,0.7828826,0.47913986,0.028223954,1.7708116,1.5669717,1.2424132,1.1430589,0.6702079,0.30852684,1.2098656,2.005229,1.0992556,1.2702243,1.1421452,0.67133003,0.7170086,-0.2119807,0.5603673,0.15828839,1.5485853,1.5639591,0.8944105,-0.24103679,0.30727515,2.076133,-0.4423516,0.5744151,0.9378184,-0.23540924,-0.3528409
-0.7292062,-1.2129302,-0.7117992,-0.38660666,-0.344462,-0.28921106,-0.46413308,-0.81586814,-0.31314427,-0.7264025,-0.31997207,0.71385455,0.57877046,-0.25347963,-0.6150826,-0.59995204,-1.2310301,-1.4376701,-0.14409864,0.25954708,-0.6892021,-1.0418222,-1.245992,-0.6943679,-1.2395695,0.38671878,-0.734689,-1.1853458,-0.89787227,0.6007108,0.45463988,-0.10565701,-0.10028012,0.05184473,0.82334685,1.669206,1.8118299,1.0224838,0.17034738,-0.45261818,-1.2449695,0.018468726,2.0119874,2.1993299,0.7768195,0.43211275,-2.022341,0.035144374,1.2876835,1.2855529,-0.68607724,-0.445355,-0.12651965,0.8449993,0.7257656,0.56386095,0.2020327,-1.5154892,-0.7141017,1.1154262,1.0008603,0.19288515,-0.057676762,-0.21002696,0.37334982
0.25402966,-0.6608336,-0.88183576,-0.7145702,-0.7511836,-0.6340305,-0.5794365,-0.9095297,-0.6678795,-0.7970102,-0.9842415,-0.9055834,-0.19735907,0.6556397,-0.15675034,-1.3768824,-0.3211084,-0.48731402,0.34809113,0.67264223,-1.0689299,-0.94344705,0.22909664,-0.68970263,-1.5667127,0.25142205,1.1517408,-0.31927615,0.48490432,-1.6733782,1.1534171,1.7100841,0.627572,1.8024583,3.5516107,3.0947711,-0.14671081,-0.43531838,-1.1923465,-0.6312987,-0.27653983,-0.36806732,1.7749457,2.7626946,1.4072144,1.0708901,0.14566545,-1.522807,-0.26842225,0.65559417,-0.35957018,-0.3020102,-0.3522125,-0.91736674,-0.20644444,-0.24848476,-0.57701063,-0.6614201,-0.68707144,1.1791667,1.0831985,-0.04797465,0.16085559,0.1516261,-0.28816852
0.5706531,-0.07047627,0.32710937,0.339493,0.15249836,-0.61122423,-0.21459664,0.24454843,0.30463672,-0.12892401,0.8278735,0.262161,0.9114374,1.5935988,1.6525302,2.162047,3.473978,1.0841572,0.59919703,1.2965325,0.9420783,0.6061712,0.020768892,1.7308973,3.8182683,2.9926164,2.5387304,2.737172,1.3202424,-0.14546579,0.682289,0.7215835,-0.33187908,-0.9875651,0.6894266,1.435565,-1.0437266,1.1598916,1.8764968,1.6602365,0.88505375,-0.93595153,0.35752907,-0.4405396,-1.5699465,-0.8841484,0.29949245,2.4058337,2.0150745,-1.1173545,0.44492015,0.2446113,0.7171605,0.71425223,1.2682663,0.38187715,-0.90799147,0.55468166,1.2837082,1.7500124,-0.8168605,0.41906717,1.3754773,1.2367116,1.6074616
-1.016078,-1.1400565,-0.7173496,-0.50330037,-0.40734476,-0.3861952,-0.66503745,-0.90098804,-0.7546668,-1.0159171,-1.0548742,-0.37866873,0.2419952,0.7055994,0.58472,-0.19621983,-0.01823488,1.7815671,1.2612453,0.49951518,-0.52844113,-0.0019613453,1.9503556,0.77736324,-0.5714899,-1.7081219,-0.4398487,-0.064657286,-1.9931936,0.8083307,1.9402294,0.74211085,-0.5430883,0.25212064,1.4215335,1.3661189,0.7595618,-0.9870396,-0.23911825,-0.23577216,0.3214154,0.71039283,-1.3434895,0.30748278,1.0833211,1.4369409,0.6864233,-0.28881708,-0.118736774,-0.101789035,-0.9309636,-0.5071174,0.9703744,1.4330791,0.8792819,-0.27785543,-0.206824,-0.08454644,0.86531574,2.1909392,0.7096822,0.19597244,1.2271836,-1.0503705,-1.3254701
-1.0303466,-0.15659767,-0.039713208,-0.08073835,0.23195821,0.17402197,0.12501429,0.40321812,0.013206049,-0.49194843,-0.21825096,-0.25024346,-1.0085065,1.3996842,1.1601194,2.3966916,1.7103546,-0.39842302,0.56277466,0.0041404865,-1.3705343,-0.6496724,-0.67950493,-0.5346806,0.13292764,-0.6945612,0.061044473,1.1330228,-0.97377527,0.08050731,0.16113308,-0.63905483,-1.1122317,-1.6901249,-0.89408904,1.1283929,0.9360958,-0.46146592,-0.45335972,-0.77800125,-1.606039,-1.7022371,0.2493234,-0.09135524,-1.24393,-1.1463472,-0.8585091,-1.4794207,-0.46115753,-0.8142087,-0.6099171,-0.49219292,1.3297105,0.06799566,0.3152747,2.025113,0.4371777,0.5613204,0.025588272,-0.85924464,-0.96947974,-1.7291487,-0.03385392,0.5730926,-0.52465296
0.3828241,-0.6273468,-0.66853046,-0.6339837,-0.6129241,-0.80417067,-0.4188666,-0.140745,0.07620787,-0.12616357,-0.56649977,0.49443993,-1.239326,0.55938095,0.35535133,0.4750316,1.4579399,1.405287,2.2109768,1.9867848,1.0040581,1.3938537,-0.0671148,-1.5451698,-0.9145789,-0.095051356,0.480368,1.0723991,0.92176515,-1.0343442,-0.97877526,0.25858527,0.1808111,0.7039118,-0.6177222,0.20939672,0.42700943,1.0663272,-0.75817096,-0.4331532,-0.5219216,-1.0033189,0.22492082,-0.76950413,-0.061792087,-0.89439404,0.5118628,0.57672143,0.80857295,-0.37528747,-0.57797015,0.22813177,-0.26765817,0.14298663,0.24117932,-1.0355947,-0.8951664,-0.075809434,-0.27099964,-1.344111,-0.071150854,1.0693548,0.8555972,-0.010280597,0.47140723
0.83610326,2.0594382,1.5053359,1.1708843,1.2649939,1.240413,2.1209555,2.2931461,0.52723676,1.924272,0.67918986,0.75836,1.5241417,0.83276224,-0.39037982,-0.39691767,-0.17190105,-1.2505801,-0.7902702,-0.7900561,-0.38662544,1.4028924,0.8908749,0.35676908,1.1320004,0.9457124,-0.5129874,-0.44128433,1.3554906,2.206699,1.4454477,-0.95358163,-1.161187,-1.0109527,1.1505841,0.105432235,-0.533043,-1.4946012,-0.91945773,0.9282036,1.3344532,0.46534455,-1.0539392,0.14032292,-0.23266485,1.245132,1.1425177,-0.0033107249,-0.23476467,-0.73009837,-1.3399572,-0.65841097,-0.61520225,-0.9991607,0.31573015,0.5897053,0.8938423,0.56015253,-0.5193505,0.48799086,0.95420665,0.33406758,-0.21545142,-0.63176155,-0.88786584
-0.6413306,0.25929973,-0.32492903,-0.791603,-0.5494913,-0.6776269,-0.5335522,-0.4268508,-0.6506426,-0.9222917,-1.016831,-1.4286518,-1.202666,-1.1124812,-0.22655958,-0.39784825,0.27293164,0.80694675,0.7243257,1.8886652,1.5443211,-0.44197184,-1.4268655,-0.65140444,-0.35319224,-0.20776123,-0.61909664,0.41641566,-0.88755554,-1.2532641,-0.30754614,1.0751065,1.5281436,0.7691151,-1.0132562,-0.11456951,0.23610282,0.500444,-0.0038118802,-0.47913048,0.7788378,0.7694929,1.024298,-0.2000131,-1.2676476,-0.6008991,-0.6389031,0.30376598,1.4842517,0.22812158,-0.46066472,-1.1563779,0.8900801,-0.018083127,-0.028962366,-0.3700049,-0.7891405,-0.6373677,-0.17622678,-0.9184903,-0.889156,0.015644763,1.0619065,1.675439,-0.4747325
-0.81932503,-0.92251587,-0.6248065,-0.5292514,-0.45416018,-0.46305954,-0.42808816,-0.6103101,-0.83271134,-1.0599968,-0.5561509,-0.34547848,-0.6077302,-0.9991283,-0.4658987,-0.9782429,-0.55642414,-0.42301714,1.126756,2.40551,1.0008464,-1.3877856,-0.8824732,0.4847971,0.10454165,-0.5469224,0.13393508,1.8602731,0.01770677,-0.052819036,0.012599224,-1.4462997,-0.732609,0.169082,0.35167393,0.817298,0.26164186,0.86973685,1.8503348,-0.73150766,-0.7886764,-1.4164171,-1.0100217,-1.1832217,-0.19542363,0.15355049,1.8749403,1.1766162,-1.2482501,-1.2502838,-0.40903673,0.07121772,0.004906776,0.5050806,0.043475736,-0.08777143,-0.60659605,-1.0983294,0.38853434,-0.10592489,-1.7863888,-0.7787827,0.20704174,-1.265013,-0.59174323
-0.9927681,-1.3580241,-0.8917059,-0.59704095,-0.78745997,-0.7735188,-0.82461864,-0.99364024,-0.9504527,-0.5531481,-1.007365,-0.60021216,-0.4821408,-1.3740708,-0.35631478,-0.62244636,-0.53225255,-0.28706414,-0.35946903,-0.8498706,-1.0784506,-0.2632973,0.16073361,-0.7167057,0.8501188,0.65249586,-0.96205246,-1.4679934,0.3329601,-0.12521015,0.18156278,-0.19237806,-1.562974,-0.9401051,-0.73235595,-0.54736346,0.32150087,-0.41850904,-1.3741984,-1.4527954,-1.7628666,-0.714919,0.31781393,0.38253823,-0.22927117,0.3832572,1.0363075,1.3044131,-0.5804728,-0.15781492,0.44109112,0.28842384,0.39498553,-1.1680452,-0.8230846,0.39852503,-0.13106608,-0.2834371,-0.280045,-0.61404216,-0.9658008,-1.2244655,-0.30898425,0.60907537,-0.92966396
-0.975162,-1.0174618,-0.81539685,-0.6502956,-0.2947115,-0.46499673,-0.54806983,-0.09816624,-0.42265642,-0.5578842,0.49258164,0.35362607,-0.32825232,-1.277473,-0.45080307,1.7702847,1.6569679,-0.121788494,0.53027695,0.77578276,-0.25433248,1.4085217,0.14568311,-0.085002914,0.44535688,0.07998704,-1.1396719,-1.1278055,-1.1278028,-1.5083568,-1.3089073,-0.79370445,0.05328557,1.9182597,2.469173,0.67240983,-0.09842791,1.3777635,-0.029778998,1.6407167,0.966644,-1.6727535,-0.61381125,-1.3548418,-0.37938833,-1.602992,0.35991672,-0.17276177,-1.5559676,-1.1278083,-1.2992942,-0.2774481,0.42310655,1.0466396,-0.48476148,-0.81575114,0.3344791,2.1754155,2.0701506,0.8943409,-0.60962826,-0.67672366,-0.46810222,-0.55260897,-0.60313094
-0.9083762,-1.1359413,-0.714644,-0.48416635,-0.59881234,-0.7866348,-0.80361897,-0.64457256,-0.907557,-0.7626345,-0.2888982,-0.62727857,-1.3931978,-2.0146434,-1.5008882,-1.251237,0.114814185,1.2151204,-0.4180773,-0.53009015,0.32001886,1.1576629,2.1113715,1.8704426,1.2450305,-0.92998886,-0.72917014,-0.40235522,-1.544955,-0.25134778,0.37846002,0.14742193,-0.7746539,1.3833083,2.083851,0.766042,0.04424783,-0.25896302,-0.5952118,-0.3230364,-0.49855036,-1.3881593,0.03647151,0.5285225,0.052566193,0.9723987,0.5351532,-0.3798924,-0.17028871,-0.33806467,-0.91910315,-0.37718347,-0.5692299,-1.1826584,-1.6472605,-1.1400518,0.97008896,1.344858,1.5997032,1.2666401,-0.10002548,0.5901667,-1.6871644,0.0902401,0.38493055
-0.31705883,-0.22881457,-0.6269269,-0.58443695,-0.6829558,-0.5949796,-0.50973153,-0.6109229,-0.70656335,-0.29016784,-0.19948514,-0.52520645,-1.1198269,0.41210538,0.7339873,-1.0912615,-0.14085032,0.37565318,-1.9137721,-0.49803013,-0.44387266,0.46811146,-0.1642937,-0.34174618,0.64301676,-0.64076173,-0.7898194,1.0875717,0.37844402,-1.330627,0.47144935,-0.7092319,-0.16752605,-0.7806567,-1.1321706,-0.9599374,-1.4437791,0.9161801,0.6230347,-1.2219074,-0.08567763,-0.02501003,-1.4820985,-1.7359939,-0.89853543,-1.0229658,-1.0567015,0.8676645,0.6154275,0.82758504,0.100257404,-0.5527733,0.7771903,-0.12761289,-1.1320777,-0.54005975,-1.3036096,-0.444769,0.07860428,0.3548567,-0.50909436,-0.61018366,0.60924184,2.017167,2.3277726
0.82868993,0.43183002,-0.19899707,-0.43356425,-0.32647017,-0.09102232,-0.17297085,-0.710063,-0.13493317,0.27389398,-1.0445659,0.6678779,0.89087665,-1.3828406,0.6451426,1.35323,2.2632313,2.2139375,-0.7748544,-0.17719664,0.43797168,-0.84828734,1.5940281,1.4176391,1.5107868,0.33191282,-0.28140688,-0.85516524,1.1444408,-0.8107195,-1.5204308,0.075405575,1.1411477,1.6266958,-0.030309267,0.4663175,2.3252463,0.2608814,-0.424112,-0.32557997,0.16852583,1.1299452,1.1702054,-1.503903,0.7602572,0.5830501,1.3662108,-0.12252738,-1.0425267,0.1477765,-0.7313981,-0.21005721,-0.011446062,1.4605656,0.70663965,-0.56432647,-0.16741721,-1.3396769,-0.30215842,0.2783759,0.26875636,-0.6035371,0.45236754,1.2824156,1.6547662
-0.1386543,2.044601,2.2542486,2.3559241,2.5380464,2.524627,2.5310721,2.672641,2.7172983,2.4456086,1.6468372,0.9205338,0.49836156,-0.3079136,-0.7000013,-0.6436717,0.20615505,0.37270173,0.026135214,0.14177127,0.2121964,-0.07602984,0.025138747,-1.1997912,0.4840197,1.2234493,-1.5109563,-0.110274404,1.6056235,2.0350964,1.2698649,-0.9971257,-1.3555357,-0.35941252,0.51107204,0.7968845,0.47225347,-0.2242246,-0.151723,1.1241355,-0.15114465,0.7568228,0.8085205,-0.29038194,-0.4435369,-0.32028654,-1.0544101,0.72295135,1.3252553,-0.022887638,1.1248882,1.033072,-0.6058116,-0.45433548,-0.009123446,-0.50719184,-1.3380212,-0.7800359,0.27213556,-0.23107117,-0.5202408,0.9148431,1.2685543,1.3350173,1.5790275
1.0566015,0.9070111,0.41722524,0.32513833,0.41513708,0.72380626,0.72357565,0.30301052,0.62741977,0.22145532,-0.08348184,0.055760913,0.34108123,-0.31980976,-1.3185643,-1.243897,-0.59046435,-0.8209635,-1.4113681,-0.22847916,-0.6220427,-1.4867128,-1.39036,-0.7187287,-0.7358099,0.5374195,1.2596712,1.1097873,-0.44713637,0.6946209,0.11227994,0.5608816,2.0664759,1.0391798,1.4778484,0.59030426,0.28701323,0.8765769,0.009409489,0.5668546,0.87809956,0.35807195,-0.92145866,-1.5782245,-1.0159813,-0.48366404,-0.46193802,-1.9069887,0.43084115,1.1570103,-1.1099694,0.6633811,2.0601935,0.51085544,0.4567534,-1.2657262,0.34325692,0.37693402,-0.7139236,0.9367396,1.8336344,0.35867536,0.44769508,0.37998027,0.0053475844
-0.8648575,-0.4993447,-0.64241105,-0.73856497,-0.6887921,-0.6467079,-0.637811,-0.664187,-0.7986215,-0.83663553,-0.60933447,-0.7842692,-0.9655374,-0.55382985,-0.046181355,-0.39466697,-0.2730435,-1.0664082,-0.24843872,0.39551875,0.02262903,-0.3507848,-0.29980335,-0.50150424,-0.22358999,-0.040354703,-0.026993953,-0.6173985,0.36031216,-0.17732297,1.0879936,0.24610315,-1.1719735,0.25011224,-0.010434879,-0.93446213,-0.39943632,1.27013,-0.27508703,0.32837594,0.81422424,-0.60285485,-0.19950202,-0.33229265,-0.18752317,-0.7274024,-0.25413728,0.5088816,-0.4845514,-1.6542583,0.16666718,1.9233439,1.6901127,0.22024307,-0.9421229,-1.0790274,0.16997124,0.15272649,1.4673368,-0.09445445,-1.4371011,-0.3416032,-0.21037814,-0.95912755,-0.3159411
-0.53456193,-0.81281626,-0.680501,-0.6777281,-0.6110391,-0.39768967,-0.15274458,-0.2829794,-0.57065123,-0.67069256,-1.297022,-0.038988635,0.8249427,0.99893236,0.45310763,-0.8339511,-0.015631847,-1.468797,-1.186231,-0.86196375,-0.36429378,0.44715616,0.9345394,-0.37248823,-1.1162711,-0.6709608,-0.4550029,1.039862,1.1303197,0.15388493,-0.8914047,-1.7741554,1.9245408,-0.49580523,1.3873315,0.5719075,0.042160105,0.4258617,-0.4496718,-0.5529126,0.25965878,0.18609215,-1.092607,1.4432639,0.5821647,-1.592223,-1.5504309,-1.1930279,-0.18029794,-0.26056215,-0.05442611,1.6385458,2.082549,0.8701553,-0.38648313,-0.47760168,0.9011721,0.32696494,3.327939,2.0397234,-0.7277703,-0.06621239,0.6166904,-1.0545468,-0.96985584
-0.4707885,-0.7954401,-0.5152078,-0.4403437,-0.64805466,-0.49124664,-0.63184226,-0.71703523,-0.39736387,-0.6598407,-0.41303748,0.7750316,0.325949,-1.7381493,-0.5380162,1.0254792,0.5179051,-0.61556584,-1.5618101,-0.34774408,-0.15983416,-1.1142883,0.887956,0.6226,-0.117223606,-0.3816586,-0.54964,0.8606752,-0.06780324,-0.57599604,-0.60786897,-0.45963323,1.04076,0.5753772,0.56469613,-0.48257005,-1.0175667,-1.541712,-1.3541156,-1.1989614,-0.80616987,0.9546442,1.5012794,0.13084652,-0.5916285,0.13146718,1.6447678,0.41820547,-1.0985898,-1.2735069,-1.1940899,-0.4511203,1.417593,-0.005796526,-0.53865767,-0.93146354,0.91515964,2.1274066,1.593479,1.241127,2.1114297,0.37643194,0.26444212,-0.16001105,-0.4664292
0.06995994,-0.90796494,-0.64990634,-0.55067843,-0.6483794,-0.7038812,-0.76264125,-0.5752355,-0.44616497,-0.8831737,-1.1721253,-0.89016056,-0.62585264,-1.5555794,-1.0878512,-0.6964908,-0.39237642,-1.0523993,-0.94681424,-1.5799912,-0.47591573,-0.11686823,-0.73624724,-0.5134896,-0.789189,-0.9374463,-1.3644642,0.122155495,1.8751845,1.237227,-0.794631,-0.43949145,0.9934713,0.64592385,-0.10071412,-0.96442616,-0.1754384,-0.959438,-0.77796936,-0.57185,-0.7454824,-0.38922247,-0.9380907,-0.9433584,-1.0896393,-0.42745787,0.39028633,0.5545355,-0.05055534,-1.1839948,-1.2393068,-0.8760317,-0.4371032,-0.44770685,-0.17631572,-0.457837,0.4900451,-1.3343524,1.9980028,1.8347994,-0.7107239,-0.48861262,-1.1907436,-1.6635379,-0.43097174
-0.94442064,-0.0061127166,-0.13332763,-0.50938624,-0.52360827,-0.49232268,-0.7724652,-0.60828924,-0.7140045,-0.80878377,-0.79039574,-0.27732122,-0.22061019,-0.22034992,0.43530717,0.6396721,-0.082797915,0.19981107,0.84619796,0.06764534,1.4921668,2.0111473,-0.42049563,0.76198906,0.6709714,0.939702,-0.16213772,-0.6942585,-0.92447245,1.5606767,2.364531,0.67290616,0.30428186,0.44359195,-0.47756246,-1.6004438,-1.073208,-1.1131856,0.15869208,1.3467822,1.8376855,2.1260574,2.8062088,0.94038254,0.79468167,1.579561,1.5955322,0.015147504,0.41062137,-0.23129566,-1.685254,-1.3822142,1.1206629,2.2153609,1.4703082,-0.91660243,-0.118960574,-1.175739,0.4612767,-0.2619559,0.7766461,0.6738098,-1.0276008,-1.1423414,-0.24808449
-0.40989348,1.5788621,1.6469425,1.420643,1.346928,1.1936686,0.8259735,1.3797415,1.2279251,0.43249074,0.3444618,-0.34960866,0.08904744,-1.1436899,-1.3678745,-0.80421335,-0.8392624,-0.022282228,0.84653294,-0.4934513,-0.8189257,-0.7817295,-0.108367786,0.28943416,-0.16773999,-0.12787877,-1.0804366,-1.4295566,-0.88825756,-1.1992366,-0.0893106,-0.13196523,-0.9246882,-0.24326602,-1.0235789,-1.270904,-0.8218578,-0.6662992,-0.32131675,0.75049424,1.4834682,0.29250252,-0.4419441,0.700442,-0.45325735,2.2859197,1.1718465,-0.072068505,-0.2154554,0.19814134,-0.45796037,-0.969275,-1.304803,-0.4070748,0.8729123,0.49836674,-0.6016352,0.24185033,0.40258643,-0.91911626,-0.722609,-0.22517164,0.25034618,0.9870471,1.0591123
1.4906597,0.0039522364,-0.55939674,-0.72793496,-0.65276235,-0.67704463,-0.8399959,-0.6910723,-0.7519593,-0.82658595,-1.1361609,-0.5710192,0.25977382,-0.93089557,-1.3964295,-0.8054454,-0.46463865,-1.4599425,-0.9190769,0.51527035,1.1488676,0.49337956,0.688553,0.934982,0.0543415,-0.5639672,-0.6606084,-0.17323525,0.08229408,0.07765382,-1.3423004,1.0674427,-0.017953979,-0.7839734,-0.57443875,-0.5912817,-0.77851725,-0.17154384,-0.25889027,-0.7789104,-0.35781413,-1.2471201,-0.7927529,-0.22974569,1.894575,1.1918355,-0.30012673,-0.21386407,0.7939034,0.82397145,0.08519983,-0.60851026,0.13075256,0.7762249,-0.15765059,-1.0671307,-1.1174382,-1.625001,-0.85253614,-1.5693457,-1.4736294,-0.61640257,-1.0676141,-0.49421757,-0.54110247
-0.6920343,1.3930416,1.7327181,1.5285842,1.1078322,0.9556302,0.38166022,1.0033715,1.0054731,-0.43028393,0.41876483,-0.3228499,-1.3343056,0.0665418,0.71828955,0.5014921,0.48166406,1.3079436,0.30171672,-0.65668994,-1.1987288,1.234783,1.6263502,-0.27432203,-0.41651452,1.5551144,1.1556542,-0.112518035,-1.7212378,-1.1672817,-0.64633805,-0.25392988,-0.7638073,-0.18589097,-1.180126,-0.060472306,0.48861903,-0.1297121,0.19521917,-1.1567394,-1.1517912,-0.6707935,-1.4617368,0.4908925,0.5295207,1.0808895,1.0840925,-0.82637817,-1.616913,-1.4228107,-1.1655831,0.58336693,-0.41303533,-0.6545435,0.9261042,4.0936728,3.4633572,0.48361593,-1.3912766,-1.2295051,-1.4361016,0.028090162,1.7194636,0.037032362,-1.1111041
-0.36967078,-1.1827831,-0.8555459,-0.628932,-0.5920116,-0.81585735,-0.63592136,-0.5663426,-0.4782468,-0.86372834,-1.3446019,-0.7763445,-0.41694808,0.008692926,-1.1511757,-0.9625824,-1.004548,-1.828762,-0.7936101,-1.0418735,-1.0666974,-0.3904263,-0.16005382,0.21093252,-0.98272395,-0.90033376,1.2069644,0.22919632,-0.644737,0.5046016,0.032719832,-1.6317108,0.016932374,1.688217,0.8021693,1.3033687,0.19561428,0.17751649,-0.7103093,-1.5197128,-1.4913205,-0.7073018,-0.026500212,-0.37974212,-1.3335024,-1.6271895,-1.9717432,-0.5231421,0.48086867,1.9073118,0.07650501,-0.76146495,-0.13798568,1.6336329,2.553719,0.17051777,-0.80045277,-0.32533154,0.28833932,-1.0403126,-0.5544691,1.0094234,2.6436243,0.07462715,-1.3427838
-0.8612625,-1.1948341,-0.88144493,-0.6951228,-0.7663718,-0.7811092,-0.7937595,-0.8057958,-0.9887591,-1.0560315,-0.93093306,-0.16606806,-0.27757123,-1.6298312,-0.75636375,-1.0433244,-0.20709327,-0.06920615,-0.16223828,-0.7301428,-1.1831332,-1.6304531,-1.1698465,-0.6222013,-0.2996105,1.0590402,1.3805542,0.11866172,-1.7993882,-1.5203873,0.24560367,-0.2387256,0.19821632,1.9680958,1.4385345,0.6331595,0.16605131,-1.1240803,1.1553757,1.3497767,0.22263911,-0.14591411,-1.4371918,-0.5791421,-0.08998838,-1.1901232,-0.97637403,-0.129837,0.60317427,1.4614658,-0.81938547,-0.8788392,-1.315354,-1.581267,-1.3110486,-0.8199158,-0.9368657,-1.1219583,-0.81488395,-0.6731645,-0.39937788,0.2588561,0.24291053,-0.8763078,-0.54800147
-0.24947877,-1.1160293,-1.0596071,-0.72879875,-0.660664,-0.70979315,-0.8742404,-0.69135,-0.32986298,-1.1558032,0.014046157,0.11902356,-0.66777974,-0.6763314,-0.64131373,-0.38240102,1.1756437,0.63321245,0.8670311,-0.94024587,-0.8190961,-0.8113564,-0.37422073,-0.8158055,-0.649924,-0.100349344,0.76664996,0.79239005,0.56190366,0.86883813,0.5537577,1.1900712,-1.4201447,0.23758875,-0.026651805,1.0573434,1.4352002,-0.31754947,1.1064268,-0.44610044,1.0188248,1.7339259,1.1565473,0.42658308,-0.36799753,-0.6601417,-0.27277002,0.71958154,1.646554,2.0630617,-0.6860732,0.23866358,-0.66602343,-0.33704844,-0.1249653,-0.8698017,-0.5233211,-1.4159907,-1.3634726,0.09937359,2.328367,1.8474655,0.4604113,-1.1728784,-1.0355984
1.2607008,1.1106787,0.52251005,0.039896186,0.56666064,0.4970734,0.16341065,0.54530674,0.3179573,0.41939732,1.4774083,0.610396,-0.88722324,-0.24017431,-0.12251711,-0.30653223,-1.5663328,-0.672106,-0.8447703,-0.67194587,-0.43017444,-0.5236967,-0.23921679,-0.18151736,0.22947045,-0.6210161,-0.68045396,-0.9565553,-0.38902885,0.51909167,0.4928477,0.9938461,-1.2187136,1.3436227,2.3288612,1.2499483,0.13588293,1.448473,2.6760929,-0.2594379,-1.7862669,1.136733,1.6766936,-1.2233515,-1.1708384,-0.9722656,-0.46323025,-0.545015,0.04549277,1.0414014,-0.7131659,-0.46484166,-1.3663079,-0.6253801,0.93262976,1.7253201,0.5417885,-0.6362451,-1.2544478,-0.5216396,-0.97111803,-1.5100285,0.05192745,-0.53802073,-0.71151674
1.2521032,1.4399704,1.8839892,2.4804294,2.75493,2.5246017,2.3066103,1.996614,1.6976362,1.1989642,-0.0047395783,-0.69247085,-0.37283164,0.11022643,-0.7747934,-0.4400304,0.026473938,-0.2531985,-0.5275153,0.8016106,1.0090014,-0.79512984,-1.2323439,-0.61832654,-0.39458823,-0.5499079,-1.0447627,-0.9830148,-0.1597248,0.20887865,-0.12709065,-0.2292471,1.5016332,-0.15132612,1.023548,0.05648412,-1.5648383,-0.07655485,0.24999349,-0.6862783,-0.4789761,-1.4909428,-0.14046882,-1.0751344,-1.4035864,-0.70353895,-0.71086943,-1.2705563,0.080588035,-0.08671386,-1.6288627,-0.1101756,0.015776344,0.10862298,-0.34398466,1.1890082,0.29027504,-0.7032912,-0.43954396,-0.9965382,0.5031912,-0.580896,-0.3873543,-0.46354958,-1.2493587
-0.63315815,-0.44887766,-0.56781197,-0.6342225,-0.53916734,-0.06547449,0.08297776,-0.5311295,-0.24921343,0.55825245,0.427622,0.23049214,-0.18579666,0.80548954,1.8065321,1.4742785,1.3297065,-0.039190188,-0.7773845,0.1182117,0.7116672,1.9204478,1.3661348,0.5078195,-0.2971669,-0.0049012527,1.2291678,-0.626467,-0.2110403,1.1521832,0.516065,-0.06677262,-0.8670398,-0.74163306,-0.9179549,1.6611743,1.5516706,1.4451613,0.029902102,2.00074,1.2442486,-0.19333568,-1.3125701,-0.33611542,0.9102691,0.91583145,-1.589304,-1.7194185,-1.1108468,-0.4170397,-0.2349309,-0.025016217,-0.46673784,-0.5564283,-0.24018209,-1.2535222,-0.020035282,-0.27834934,-1.1777917,-0.48419294,-0.6070273,-0.21140417,-0.16996005,0.7954907,1.9137983
-0.18902384,0.22292155,0.8002908,0.9899497,0.99052846,1.2022833,1.710944,1.7633872,1.3627982,1.912464,1.275291,1.3757772,3.029593,0.32034177,-0.8540768,0.9705602,1.3518891,-0.64073426,1.076959,-0.22345506,-0.17447601,0.9133959,1.6533624,-0.13669321,-0.5411771,-0.92651576,-0.42001128,0.3028104,-0.003910302,0.37824184,-1.224036,2.08972,0.81775093,-1.1446602,-1.1550567,0.41779017,0.41285667,0.8052406,-0.81818616,0.9056472,0.33808634,0.06543424,1.448021,1.3142521,-0.09517025,-0.8410024,-0.7948639,-1.5747317,-1.0240722,-1.041176,-1.7106051,0.319669,-0.27659416,-0.2742781,-0.7483632,-0.8372977,0.1152424,0.50448036,0.021028958,-0.3403173,-0.5617547,-1.7233416,-0.0723769,0.59185165,0.7371879
-1.0042801,1.2856727,2.2455115,2.5521557,2.8420565,2.9021552,2.6694047,2.1731606,2.0551414,2.8647473,1.9449767,0.3224518,-0.065187156,0.33502123,-0.08492953,-0.24802324,0.11040499,0.11365417,-0.88923705,0.22430156,1.237277,0.56281894,0.37758148,-0.8249774,-0.122904055,0.6592763,-1.3103731,-0.05212775,-0.43019345,-0.5865602,-0.8990806,0.6756143,1.204329,-0.015661992,-0.24042521,-0.22747618,1.1947495,1.2915033,0.26567924,-0.90791506,-0.5680207,-0.59488606,-0.6404796,-0.8113596,-0.15085569,-0.74457717,0.9544348,0.5451577,-0.19587946,-0.9869212,-0.3195548,-0.52601016,1.1191443,1.4583716,-1.001203,1.7246153,1.2004071,0.8285586,-1.1329067,0.07604766,-0.007755651,-0.37445658,0.4634562,-0.22842933,-0.56704813
0.6579995,-0.6437421,-0.8900725,-0.61906666,-0.48139554,-0.6816225,-0.90502965,-0.832886,-0.85796016,-0.880421,-1.212862,-1.1359537,-0.77026904,-1.1868051,-0.9921984,-0.40406585,1.1238909,-0.3443903,-1.0965165,-0.7577354,-0.8571968,-1.0536842,-0.72421855,0.7248684,-0.2318518,-0.6387304,0.06820308,-0.8873505,-0.8528482,-0.2847054,-0.6297394,-0.43427637,-0.6874559,-0.4093958,0.88199896,2.0204673,2.1859767,1.3778971,-1.1108184,-0.6379158,-0.20983884,-0.27721453,0.1947719,0.80769104,-0.12541431,-0.334075,-0.9678657,-0.91947335,-1.691421,-0.55873704,-0.84222645,0.33118582,-0.85771173,-0.48220024,-1.0489197,1.2289108,1.4813306,1.0055546,0.75057423,-0.5944006,-1.0437129,-0.51183873,-0.5106491,-0.77923787,0.27888897
-0.44147107,2.417264,3.3502977,2.994847,0.15518047,2.7968726,2.5464263,0.55048794,3.8646054,1.1155511,2.8636913,3.2817616,-1.0121896,0.3069098,-0.4481141,-0.64851767,-0.30454355,-0.7467418,-0.01860384,2.0010526,0.83827454,-1.1295123,-1.3942697,-1.1729202,-1.4832113,-0.7715388,0.5689261,-0.20027964,0.029803505,-0.16503488,-0.86164844,-0.43298417,0.4196648,-1.0884321,-1.2957344,-0.6264318,-0.26510695,-1.3672712,-1.4068557,-0.48478606,0.028396057,-0.73853904,0.5113377,0.68371207,0.600947,-0.30748102,-0.63166356,-1.6907074,-0.027867347,0.098104455,-1.1848844,-0.049085587,1.8590559,-0.3252926,-0.19866964,-0.74510443,0.5280038,1.2000877,0.07026684,-1.1220433,0.71064985,3.3202555,0.4226992,0.43250528,-0.5174375
-0.14941238,-0.32760563,-0.5439445,-0.47672638,-0.6130353,-0.60077906,-0.6719547,-0.67920744,-0.7097186,-0.7256857,0.19405714,-0.5424141,0.63105416,-0.029311724,-1.6478071,-0.2218124,0.7126641,0.521838,0.14885703,0.41967922,0.22799417,0.6751131,1.7903949,2.7335622,1.0530162,-0.26041162,-1.2002248,0.23488125,0.021076007,-0.25536895,-0.7359843,-1.5809062,-1.3763072,-1.7339709,-1.1420178,-0.14153518,1.4086463,1.0993102,-0.6108302,1.0039839,0.48757127,0.28106505,-0.76240796,2.0773911,1.0775565,-1.0079243,1.20613,1.5421304,0.19042914,-0.14558381,-1.1988034,-0.05359639,2.024147,2.7670403,0.109039225,0.44825536,1.310724,1.9494696,-0.26121834,0.28669718,1.0885773,0.53816956,-0.23740807,-0.6690735,-0.14685048
-0.14197533,-0.89051676,-0.86572003,-0.68166924,-0.65814656,-0.650057,-0.55972314,-0.66045827,-0.70971227,-0.5242506,0.031207174,0.74077237,0.33653185,1.8805138,1.124756,0.29335055,0.24676788,-0.04490663,0.6316034,-0.58215016,-0.7409518,-0.3965324,-1.741343,0.477578,0.7653503,-0.92524326,-1.0942171,0.9885756,0.32628968,-0.9458364,-1.7083358,-0.22904031,1.3391339,2.6630094,0.5132555,-0.7468185,-0.22413252,-0.8403201,-0.6304323,-0.17275158,1.2365844,0.29241082,-0.54403794,0.5720287,1.0699704,1.5307956,0.86997664,-0.7558739,-1.0035384,-0.47653747,-0.92154115,-0.709821,-0.73832446,0.16563395,0.041311525,-0.84792846,-0.76348525,-1.3995931,-0.08745022,0.11103384,-0.3341385,-0.7648302,-0.6951119,-0.39940315,-1.1907636
0.53822905,0.8954969,0.75388545,0.45885995,0.42373276,0.38023272,0.7860117,0.65068066,0.73593384,-0.026737899,1.3298379,1.5759131,-0.38707098,-0.0021018551,0.30930772,0.73906744,0.17616664,-0.21684246,-0.6366974,0.12966305,0.97036463,-0.04760683,-0.40980405,-1.4341972,-0.9892883,0.05717052,0.24818052,0.4178036,0.46504402,0.33437788,0.22221018,-0.23214261,0.3070942,-0.19462422,-1.3440397,-1.557912,-0.9526301,0.52898943,-0.692012,-0.77864236,-0.09615759,0.5887862,0.52132356,1.5903164,2.035819,1.5601462,-0.5810614,-0.5859074,-1.3400228,-0.38019976,-0.15128167,-0.08250197,-1.2220414,0.20534405,0.4597716,-0.79027337,1.2099869,1.0151875,-0.26710716,-0.314658,-0.706236,-0.20949191,-0.72214967,-0.08526528,-0.34343123
-0.15457581,-0.2696963,-0.36400768,-0.43230557,-0.53370374,-0.41415086,-0.45950666,-0.41286272,-0.5504177,-0.19693457,0.6143473,0.20470408,-0.5452488,1.9211915,2.3681722,0.51191837,-1.6160643,0.09793927,0.91826326,1.4395254,-0.16871493,-1.0909762,-0.90890425,0.29325688,1.77663,3.5627494,1.5807788,-0.4629394,0.73925626,1.0730796,0.14670005,-0.5394708,0.5540506,0.6717373,-0.40191945,-0.7369284,0.4677035,1.5689849,0.19883716,0.44148776,0.5988582,0.72212636,0.24630392,-1.6425588,-0.9403495,-0.10929286,-0.952862,-0.5793677,-0.3216323,0.07370385,-0.59681016,-0.75054824,-1.2777507,0.51127535,1.8039784,1.8632815,0.20409246,0.3012869,-0.94527054,-0.12114466,-0.8091996,-1.1354411,-1.3263602,-1.0366894,0.26257205
